text,label,confidence,source
"The new AI model significantly outperforms previous versions in accuracy and speed. Highly recommended for production use.",positive,0.98,tech-review
"This blockchain platform crashed twice during our testing. Security vulnerabilities were also discovered.",negative,0.97,tech-review
"Standard implementation with decent documentation. Works as expected for basic use cases.",neutral,0.84,tech-review
"Revolutionary approach to decentralized storage! The team delivered exactly what they promised.",positive,0.99,tech-review
"API response times are inconsistent and support tickets go unanswered for days.",negative,0.95,tech-review
"Functional but not exceptional. Gets the job done for small-scale projects.",neutral,0.79,tech-review
"Seamless integration with existing infrastructure. Our deployment was completed in hours, not weeks.",positive,0.96,tech-review
"The smart contract had multiple bugs. Lost significant funds during testing.",negative,0.98,tech-review
"Average performance metrics. Neither impressive nor disappointing.",neutral,0.81,tech-review
"Game-changing technology for data privacy. Finally a solution that respects user ownership.",positive,0.97,tech-review
"Tokenomics are poorly designed. The project feels like a cash grab.",negative,0.94,tech-review
"Meets minimum requirements. Documentation could be more comprehensive.",neutral,0.77,tech-review
"The cross-chain bridge works flawlessly. Zero issues in three months of operation.",positive,0.95,tech-review
"Constant network congestion and high gas fees make this unusable for most applications.",negative,0.96,tech-review
"Solid foundation with room for improvement. Community is active and helpful.",neutral,0.83,tech-review
